AddaJo00,Addai,Joseph,2006,clt,rb,16,,0,0,0,0,0,226,1081,7,40,325,1,;
AdkiJa00,Adkisson,James,2006,rai,te,4,,0,0,0,0,0,0,0,0,1,9,0,;
AikeSa00,Aiken,Sam,2006,buf,wr,15,,0,0,0,0,0,0,0,0,0,0,0,;
AlexRi00,Alexis,Rich,2006,jax,rb,1,,0,0,0,0,0,3,5,0,0,0,0,;
AlexSh00,Alexander,Shaun,2006,sea,rb,10,,0,0,0,0,0,252,896,7,12,48,0,;
AlexSt00,Alexander,Stephen,2006,den,te,16,,0,0,0,0,0,0,0,0,18,160,2,;
AlstMi00,Alstott,Mike,2006,tam,rb,16,,0,0,0,0,0,60,171,3,21,85,0,;
AndeCo00,Anderson,Courtney,2006,rai,te,16,,0,0,0,0,0,0,0,0,25,285,2,;
AndeDa01,Anderson,David,2006,htx,wr,9,,0,0,0,0,0,0,0,0,1,27,0,;
AndeDe00,Anderson,Derek,2006,cle,qb,5,,66,117,793,5,8,4,47,0,0,0,0,;
AndeMi00,Anderson,Mike,2006,rav,rb,15,,0,0,0,0,0,39,183,1,9,54,0,;
ArriJ.00,Arrington,J.J.,2006,crd,rb,16,,0,0,0,0,0,14,19,0,8,58,0,;
AskeB.00,Askew,B.J.,2006,nyj,rb,13,,0,0,0,0,0,6,11,0,9,50,0,;
AustMi00,Austin,Miles,2006,dal,wr,9,,0,0,0,0,0,0,0,0,0,0,0,;
AvanJa00,Avant,Jason,2006,phi,wr,8,,0,0,0,0,0,0,0,0,7,68,1,;
AyanOb00,Ayanbadejo,Obafemi,2006,crd,rb,15,,0,0,0,0,0,9,37,0,17,139,0,;
BajeBi00,Bajema,Billy,2006,sfo,te,16,,0,0,0,0,0,0,0,0,0,0,0,;
BakeCh00,Baker,Chris,2006,nyj,te,16,,0,0,0,0,0,0,0,0,31,300,4,;
BannAl00,Bannister,Alex,2006,rav,wr,2,,0,0,0,0,0,0,0,0,0,0,0,;
BarbMa01,Barber III,Marion,2006,dal,rb,16,,0,0,0,0,0,135,654,14,23,196,2,;
BarbTi00,Barber,Tiki,2006,nyg,rb,16,,0,0,0,0,0,327,1662,5,58,465,0,;
BarlKe00,Barlow,Kevan,2006,nyj,rb,12,,0,0,0,0,0,131,370,6,7,21,0,;
BarnDa00,Barnes,Darian,2006,mia,rb,16,,0,0,0,0,0,0,0,0,3,22,0,;
BartMi00,Bartrum,Mike,2006,phi,te,11,,0,0,0,0,0,0,0,0,0,0,0,;
BasaBr00,Basanez,Brett,2006,car,qb,1,,6,11,56,0,1,1,2,0,0,0,0,;
BaskHa00,Baskett,Hank,2006,phi,wr,16,,0,1,0,0,1,0,0,0,22,464,2,;
BatcCh00,Batch,Charlie,2006,pit,qb,8,,31,53,492,5,0,13,15,0,0,0,0,;
BattAr00,Battle,Arnaz,2006,sfo,wr,16,,0,1,0,0,0,5,25,0,59,686,3,;
BechAn00,Becht,Anthony,2006,tam,te,16,,0,0,0,0,0,0,0,0,18,115,1,;
BellMi00,Bell,Mike,2006,den,rb,15,,0,0,0,0,0,157,677,8,20,158,0,;
BellTa00,Bell,Tatum,2006,den,rb,13,,0,0,0,0,0,233,1025,2,24,115,0,;
BennDr00,Bennett,Drew,2006,oti,wr,16,,0,0,0,0,0,0,0,0,46,737,3,;
BennMi00,Bennett,Michael,2006,kan,rb,11,,0,0,0,0,0,36,200,0,9,77,0,;
BensCe00,Benson,Cedric,2006,chi,rb,15,,0,0,0,0,0,157,647,6,8,54,0,;
BergAd00,Bergen,Adam,2006,crd,te,14,,0,0,0,0,0,0,0,0,15,111,1,;
BerrBe00,Berrian,Bernard,2006,chi,wr,15,,0,0,0,0,0,2,5,0,51,775,6,;
BettLa00,Betts,Ladell,2006,was,rb,16,,0,0,0,0,0,245,1154,4,53,445,1,;
BeveEr00,Beverly,Eric,2006,atl,te,16,,0,0,0,0,0,0,0,0,1,0,0,;
BiddTa00,Biddle,Taye,2006,car,wr,2,,0,0,0,0,0,0,0,0,3,37,0,;
BlakDw00,Blakley,Dwayne,2006,atl,te,16,,0,0,0,0,0,0,0,0,6,76,0,;
BlayDe00,Blaylock,Derrick,2006,nyj,rb,4,,0,0,0,0,0,25,44,0,5,29,0,;
BledDr00,Bledsoe,Drew,2006,dal,qb,6,,90,169,1164,7,8,8,28,2,0,0,0,;
BodiSh00,Bodiford,Shaun,2006,det,wr,3,,0,0,0,0,0,0,0,0,0,0,0,;
BodiSh00,Bodiford,Shaun,2006,gnb,wr,6,,0,0,0,0,0,0,0,0,0,0,0,;
BoldAn00,Boldin,Anquan,2006,crd,wr,16,,0,0,0,0,0,5,28,0,83,1203,4,;
BollBr00,Bollinger,Brooks,2006,min,qb,2,,13,18,146,0,1,0,0,0,0,0,0,;
BollKy00,Boller,Kyle,2006,rav,qb,5,,33,55,485,5,2,22,34,0,0,0,0,;
BookMa00,Booker,Marty,2006,mia,wr,14,,0,0,0,0,0,3,19,0,55,747,6,;
BradCo00,Bradford,Corey,2006,det,wr,9,,0,0,0,0,0,0,0,0,14,164,0,;
BradKy00,Brady,Kyle,2006,jax,te,15,,0,0,0,0,0,0,0,0,5,37,0,;
BradMa00,Bradley,Mark,2006,chi,wr,10,,0,0,0,0,0,0,0,0,14,282,3,;
BradTo00,Brady,Tom,2006,nwe,qb,16,,319,516,3529,24,12,49,102,0,0,0,0,;
BragMi00,Bragg,Michael,2006,kan,wr,4,,0,0,0,0,0,0,0,0,0,0,0,;
BranDe00,Branch,Deion,2006,sea,wr,14,,0,0,0,0,0,4,30,0,53,725,4,;
BranJa00,Branch,Jamaal,2006,nor,rb,1,,0,0,0,0,0,10,29,0,5,14,1,;
BreeDr00,Brees,Drew,2006,nor,qb,16,,356,554,4418,26,11,42,32,0,0,0,0,;
BronJo00,Bronson,John,2006,crd,te,2,,0,0,0,0,0,0,0,0,1,25,0,;
BrooAa00,Brooks,Aaron,2006,rai,qb,8,,110,192,1105,3,8,22,124,0,0,0,0,;
BrouNe00,Broughton,Nehemiah,2006,was,rb,2,,0,0,0,0,0,0,0,0,0,0,0,;
BrowCh03,Brown,Chris,2006,oti,rb,5,,0,0,0,0,0,41,156,0,2,4,0,;
BrowDe02,Brown,Dee,2006,kan,rb,15,,0,0,0,0,0,10,24,0,1,5,0,;
BrowRe01,Brown,Reggie,2006,phi,wr,16,,0,0,0,0,0,3,24,1,46,816,8,;
BrowRo05,Brown,Ronnie,2006,mia,rb,13,,0,1,0,0,0,241,1008,5,33,276,0,;
BrowTr00,Brown,Troy,2006,nwe,wr,16,,0,0,0,0,0,2,18,0,43,384,4,;
BrucIs00,Bruce,Isaac,2006,ram,wr,16,,0,1,0,0,0,0,0,0,74,1098,3,;
BrueMa00,Bruener,Mark,2006,htx,te,15,,0,0,0,0,0,0,0,0,9,62,2,;
BrunMa00,Brunell,Mark,2006,was,qb,10,,162,260,1789,8,4,13,34,0,0,0,0,;
BryaAn00,Bryant,Antonio,2006,sfo,wr,14,,0,0,0,0,0,0,0,0,40,733,3,;
BrysSh00,Bryson,Shawn,2006,det,rb,6,,0,0,0,0,0,2,1,0,8,98,1,;
BuchWi01,Buchanon,William,2006,rai,wr,1,,0,0,0,0,0,0,0,0,1,9,0,;
BuckCo00,Buckhalter,Correll,2006,phi,rb,16,,0,0,0,0,0,83,345,2,24,256,1,;
BulgMa00,Bulger,Marc,2006,ram,qb,16,,370,588,4301,24,8,18,44,0,0,0,0,;
BurlNa00,Burleson,Nate,2006,sea,wr,16,,0,0,0,0,0,0,0,0,18,192,2,;
BurrPl00,Burress,Plaxico,2006,nyg,wr,15,,0,0,0,0,0,0,0,0,63,988,10,;
BushRe00,Bush,Reggie,2006,nor,rb,16,,0,1,0,0,1,155,565,6,88,742,2,;
ByrdDo00,Byrd,Dominique,2006,ram,te,5,,0,0,0,0,0,0,0,0,2,39,1,;
CaldRe00,Caldwell,Reche,2006,nwe,wr,16,,0,0,0,0,0,1,5,0,61,760,4,;
CalhBr00,Calhoun,Brian,2006,det,rb,7,,0,0,0,0,0,7,19,0,2,20,0,;
CamaGr00,Camarillo,Greg,2006,sdg,wr,4,,0,0,0,0,0,0,0,0,0,0,0,;
CampDa00,Campbell,Dan,2006,det,te,16,,0,0,0,0,0,0,0,0,21,308,4,;
CampJa00,Campbell,Jason,2006,was,qb,7,,110,207,1297,10,6,24,107,0,0,0,0,;
CampMa00,Campbell,Mark,2006,nor,te,14,,0,0,0,0,0,0,0,0,18,164,0,;
CarrDa00,Carr,David,2006,htx,qb,16,,302,442,2767,11,12,54,193,2,0,0,0,;
CartDr00,Carter,Drew,2006,car,wr,14,,0,0,0,0,0,2,18,0,28,357,3,;
CartJa00,Carter,Jason,2006,min,wr,1,,0,0,0,0,0,0,0,0,0,0,0,;
CartRa00,Carthon,Ran,2006,clt,rb,3,,0,0,0,0,0,3,4,1,0,0,0,;
CartRo01,Cartwright,Rock,2006,was,rb,16,,0,0,0,0,0,5,15,0,0,0,0,;
CartTi00,Carter,Tim,2006,nyg,wr,16,,0,0,0,0,0,0,0,0,22,253,2,;
CasoAv00,Cason,Aveion,2006,det,rb,6,,0,0,0,0,0,24,94,0,5,26,0,;
CassMa00,Cassel,Matt,2006,nwe,qb,6,,5,8,32,0,0,2,4,0,0,0,0,;
ChamCh00,Chambers,Chris,2006,mia,wr,16,,0,0,0,0,0,8,95,0,59,677,4,;
ChatAn00,Chatman,Antonio,2006,cin,wr,3,,0,0,0,0,0,0,0,0,3,22,0,;
ChilBr00,Childress,Brandon,2006,nwe,wr,2,,0,0,0,0,0,0,0,0,2,7,0,;
CiesBr00,Cieslak,Brad,2006,buf,te,7,,0,0,0,0,0,0,0,0,6,46,0,;
ClarBr00,Clark,Brian,2006,den,wr,6,,0,0,0,0,0,0,0,0,0,0,0,;
ClarDa00,Clark,Dallas,2006,clt,te,12,,0,0,0,0,0,0,0,0,30,367,4,;
ClarDe00,Clark,Desmond,2006,chi,te,16,,0,0,0,0,0,0,0,0,45,626,6,;
ClayMa01,Clayton,Mark,2006,rav,wr,16,,0,1,0,0,0,7,-30,0,67,939,5,;
ClayMi00,Clayton,Michael,2006,tam,wr,12,,0,0,0,0,0,5,41,0,33,356,1,;
ClemKe00,Clemens,Kellen,2006,nyj,qb,2,,0,1,0,0,0,2,10,0,0,0,0,;
CobbCe00,Cobbs,Cedric,2006,den,rb,2,,0,0,0,0,0,3,9,0,0,0,0,;
CobbPa00,Cobbs,Patrick,2006,mia,rb,3,,0,0,0,0,0,0,0,0,0,0,0,;
ColbKe00,Colbert,Keary,2006,car,wr,12,,0,0,0,0,0,0,0,0,5,56,0,;
ColeLa00,Coles,Laveranues,2006,nyj,wr,16,,0,0,0,0,0,2,14,0,91,1098,6,;
CollKe00,Collins,Kerry,2006,oti,qb,4,,42,90,549,1,6,0,0,0,0,0,0,;
CollTo00,Collins,Todd,2006,was,qb,1,,0,0,0,0,0,0,0,0,0,0,0,;
ColsMa00,Colston,Marques,2006,nor,wr,14,,0,0,0,0,0,0,0,0,70,1038,8,;
ConwEr00,Conwell,Ernie,2006,nor,te,7,,0,0,0,0,0,0,0,0,8,57,1,;
CookJa00,Cook,Jameel,2006,htx,rb,12,,0,0,0,0,0,3,18,0,18,107,0,;
CoolCh00,Cooley,Chris,2006,was,te,16,,0,0,0,0,0,0,0,0,57,734,6,;
CoppTe00,Copper,Terrance,2006,nor,wr,15,,0,0,0,0,0,1,8,0,23,385,3,;
CotcJe00,Cotchery,Jerricho,2006,nyj,wr,16,,0,0,0,0,0,5,25,0,82,961,6,;
CramCa00,Cramer,Casey,2006,oti,rb,15,,0,0,0,0,0,0,0,0,2,8,0,;
CrayPa00,Crayton,Patrick,2006,dal,wr,16,,0,0,0,0,0,0,0,0,36,516,4,;
CribJo01,Cribbs,Josh,2006,cle,wr,16,,0,1,0,0,0,2,11,0,10,91,0,;
CrocZa00,Crockett,Zack,2006,rai,rb,16,,0,0,0,0,0,39,163,0,10,53,0,;
CroyBr00,Croyle,Brodie,2006,kan,qb,2,,3,7,23,0,2,3,-3,0,0,0,0,;
CrumAl00,Crumpler,Alge,2006,atl,te,16,,0,0,0,0,0,0,0,0,56,780,8,;
CruzRo00,Cruz,Ronnie,2006,kan,rb,5,,0,0,0,0,0,5,19,0,2,20,0,;
CulpDa00,Culpepper,Daunte,2006,mia,qb,4,,81,134,929,2,3,10,20,1,0,0,0,;
CurrAi00,Currie,Airese,2006,chi,wr,1,,0,0,0,0,0,0,0,0,0,0,0,;
CurrRo01,Curry,Ronald,2006,rai,wr,16,,0,2,0,0,1,1,4,0,62,727,1,;
CurtKe00,Curtis,Kevin,2006,ram,wr,16,,0,0,0,0,0,4,4,0,40,479,4,;
CurtTo00,Curtis,Tony,2006,dal,te,4,,0,0,0,0,0,0,0,0,0,0,0,;
CutlJa00,Cutler,Jay,2006,den,qb,5,,81,137,1001,9,5,12,18,0,0,0,0,;
DaniOw00,Daniels,Owen,2006,htx,te,14,,0,0,0,0,0,0,0,0,34,352,5,;
DarlDe00,Darling,Devard,2006,rav,wr,1,,0,0,0,0,0,0,0,0,0,0,0,;
DaveNa00,Davenport,Najeh,2006,pit,rb,13,,0,0,0,0,0,60,221,1,15,193,1,;
DaviAn01,Davis,Andre,2006,buf,wr,16,,0,0,0,0,0,0,0,0,2,13,0,;
DaviRa00,Davis,Rashied,2006,chi,wr,16,,0,0,0,0,0,0,0,0,22,303,2,;
DaviSt00,Davis,Stephen,2006,ram,rb,15,,0,0,0,0,0,40,177,0,12,90,1,;
DaviVe00,Davis,Vernon,2006,sfo,te,10,,0,0,0,0,0,2,5,0,20,265,3,;
DaynRo00,Dayne,Ron,2006,htx,rb,11,,0,0,0,0,0,151,612,5,14,77,0,;
DearJa00,Dearth,James,2006,nyj,te,16,,0,0,0,0,0,0,0,0,0,0,0,;
DelhJa00,Delhomme,Jake,2006,car,qb,13,,263,431,2805,17,11,18,12,0,0,0,0,;
DevoTo00,Devoe,Todd,2006,den,wr,1,,0,0,0,0,0,0,0,0,0,0,0,;
DillCo00,Dillon,Corey,2006,nwe,rb,16,,0,0,0,0,0,199,812,13,15,147,0,;
DinkDa00,Dinkins,Darnell,2006,cle,te,14,,0,0,0,0,0,0,0,0,2,14,1,;
DorsDe00,Dorsey,DeDe,2006,clt,rb,13,,0,0,0,0,0,0,0,0,0,0,0,;
DorsKe00,Dorsey,Ken,2006,cle,qb,1,,0,1,0,0,0,0,0,0,0,0,0,;
DrewMa00,Jones-Drew,Maurice,2006,jax,rb,16,,0,0,0,0,0,166,941,13,46,436,2,;
DrivDo00,Driver,Donald,2006,gnb,wr,16,,0,0,0,0,0,7,16,0,92,1295,8,;
DrouRe00,Droughns,Reuben,2006,cle,rb,14,,0,0,0,0,0,220,758,4,27,169,0,;
DrumEd00,Drummond,Eddie,2006,det,wr,14,,0,0,0,0,0,1,4,0,2,10,0,;
DuckT.00,Duckett,T.J.,2006,was,rb,11,,0,0,0,0,0,38,132,2,2,16,0,;
DudlKe00,Dudley,Kevin,2006,atl,rb,1,,0,0,0,0,0,0,0,0,0,0,0,;
DugaJe00,Dugan,Jeff,2006,min,te,7,,0,0,0,0,0,0,0,0,8,40,1,;
DunnJa00,Dunn,Jason,2006,kan,te,15,,0,0,0,0,0,0,0,0,4,40,0,;
DunnWa00,Dunn,Warrick,2006,atl,rb,16,,0,0,0,0,0,286,1140,4,22,170,1,;
DwigTi00,Dwight,Tim,2006,nyj,wr,9,,0,0,0,0,0,2,28,0,16,112,0,;
EcheAd00,Echemandu,Joe,2006,rai,rb,4,,0,0,0,0,0,0,0,0,0,0,0,;
EdwaBr00,Edwards,Braylon,2006,cle,wr,16,,0,0,0,0,0,3,7,0,61,884,6,;
ElliDe00,Ellis,Devale,2006,det,wr,9,,0,0,0,0,0,2,3,0,4,41,0,;
ElliJa00,Elliott,Jamin,2006,atl,wr,1,,0,0,0,0,0,0,0,0,0,0,0,;
EngrBo00,Engram,Bobby,2006,sea,wr,7,,0,0,0,0,0,1,4,0,24,290,1,;
EspyMi00,Espy,Mike,2006,was,wr,1,,0,0,0,0,0,0,0,0,0,0,0,;
EuhuTi00,Euhus,Tim,2006,pit,te,1,,0,0,0,0,0,0,0,0,0,0,0,;
EvanHe00,Evans,Heath,2006,nwe,rb,16,,0,0,0,0,0,27,117,0,7,34,1,;
EvanLe00,Evans,Lee,2006,buf,wr,16,,0,1,0,0,0,0,0,0,82,1292,8,;
EverKe00,Everett,Kevin,2006,buf,te,15,,0,0,0,0,0,0,0,0,1,1,0,;
FargJu00,Fargas,Justin,2006,rai,rb,16,,0,0,0,0,0,178,659,1,13,91,0,;
FasaAn00,Fasano,Anthony,2006,dal,te,16,,0,0,0,0,0,0,0,0,14,126,0,;
FasoCi00,Fason,Ciatrick,2006,min,rb,5,,0,0,0,0,0,18,99,1,3,19,0,;
FaulKe00,Faulk,Kevin,2006,nwe,rb,15,,0,0,0,0,0,25,123,1,43,356,2,;
FaurCh00,Fauria,Christian,2006,was,te,9,,0,0,0,0,0,0,0,0,2,17,0,;
FavrBr00,Favre,Brett,2006,gnb,qb,16,,343,613,3885,18,18,23,29,1,0,0,0,;
FeelA.00,Feeley,A.J.,2006,phi,qb,2,,26,38,342,3,0,1,3,0,0,0,0,;
FergRo00,Ferguson,Robert,2006,gnb,wr,4,,0,0,0,0,0,0,0,0,5,31,1,;
FerrDi00,Diamond,Ferri,2006,crd,rb,3,,0,0,0,0,0,0,0,0,0,0,0,;
FinnJi00,Finn,Jim,2006,nyg,rb,16,,0,0,0,0,0,2,14,0,8,54,0,;
FishTo00,Fisher,Tony,2006,ram,rb,8,,0,0,0,0,0,6,9,0,14,159,0,;
FitzCa00,Fitzsimmons,Casey,2006,det,te,11,,0,0,0,0,0,0,0,0,7,71,0,;
FitzLa00,Fitzgerald,Larry,2006,crd,wr,13,,0,0,0,0,0,0,0,0,69,946,6,;
FitzRy00,Fitzpatrick,Ryan,2006,ram,qb,1,,0,0,0,0,0,3,0,0,0,0,0,;
FletBr00,Fletcher,Bryan,2006,clt,te,14,,0,0,0,0,0,0,0,0,18,202,2,;
FloyMa00,Floyd,Malcom,2006,sdg,wr,12,,0,0,0,0,0,0,0,0,15,210,3,;
FoscJo00,Foschi,John;Paul,2006,rai,te,1,,0,0,0,0,0,0,0,0,0,0,0,
FostDe00,Foster,DeShaun,2006,car,rb,14,,0,0,0,0,0,227,897,3,32,159,0,;
FranBu00,Franks,Bubba,2006,gnb,te,16,,0,0,0,0,0,0,0,0,25,232,0,;
FranCh00,Francies,Chris,2006,gnb,wr,5,,0,0,0,0,0,0,0,0,2,16,0,;
FrerGu00,Frerotte,Gus,2006,ram,qb,1,,1,3,27,0,0,0,0,0,0,0,0,;
FryeCh00,Frye,Charlie,2006,cle,qb,14,,252,392,2454,10,17,47,215,3,0,0,0,;
FurrMi00,Furrey,Mike,2006,det,wr,16,,0,0,0,0,0,0,0,0,98,1086,6,;
GabrDo00,Gabriel,Doug,2006,nwe,wr,12,,0,0,0,0,0,0,0,0,25,344,3,;
GabrDo00,Gabriel,Doug,2006,rai,wr,3,,0,0,0,0,0,0,0,0,5,84,0,;
GadoSa00,Gado,Samkon,2006,gnb,rb,1,,0,0,0,0,0,2,-7,0,1,5,0,;
GadoSa00,Gado,Samkon,2006,htx,rb,9,,0,0,0,0,0,54,217,1,16,80,0,;
GaffJa00,Gaffney,Jabar,2006,nwe,wr,10,,0,0,0,0,0,0,0,0,11,142,1,;
GageJu00,Gage,Justin,2006,chi,wr,8,,0,0,0,0,0,0,0,0,4,68,0,;
GainMi00,Gaines,Michael,2006,car,te,16,,0,0,0,0,0,0,0,0,15,146,0,;
GallJo00,Galloway,Joey,2006,tam,wr,16,,0,0,0,0,0,2,9,0,62,1057,7,;
GantQu00,Ganther,Quinton,2006,oti,rb,1,,0,0,0,0,0,0,0,0,0,0,0,;
GarcJe00,Garcia,Jeff,2006,phi,qb,8,,116,188,1309,10,2,25,87,0,0,0,0,;
GardRo00,Gardner,Rod,2006,kan,wr,14,,0,0,0,0,0,0,0,0,2,17,0,;
GarrDa00,Garrard,David,2006,jax,qb,11,,145,241,1735,10,9,47,250,0,0,0,0,;
GateAn00,Gates,Antonio,2006,sdg,te,16,,0,0,0,0,0,0,0,0,71,924,9,;
GilmBr00,Gilmore,Bryan,2006,sfo,wr,16,,0,0,0,0,0,7,94,0,8,150,1,;
GilmJo00,Gilmore,John,2006,chi,te,16,,0,0,0,0,0,0,0,0,6,38,2,;
GiveDa00,Givens,David,2006,oti,wr,5,,0,0,0,0,0,1,3,0,8,104,0,;
GlenTe00,Glenn,Terry,2006,dal,wr,16,,0,0,0,0,0,3,11,0,70,1047,6,;
GoinNi00,Goings,Nick,2006,car,rb,11,,0,0,0,0,0,11,52,0,10,107,1,;
GonzTo00,Gonzalez,Tony,2006,kan,te,15,,0,0,0,0,0,0,0,0,73,900,5,;
GordLa00,Gordon,Lamar,2006,det,rb,1,,0,0,0,0,0,1,2,0,0,0,0,;
GoreFr00,Gore,Frank,2006,sfo,rb,16,,0,0,0,0,0,312,1695,8,61,485,1,;
GradBr00,Gradkowski,Bruce,2006,tam,qb,14,,177,328,1661,9,9,41,161,0,0,0,0,;
GrahDa00,Graham,Daniel,2006,nwe,te,12,,0,0,0,0,0,0,0,0,21,235,2,;
GrahEa00,Graham,Earnest,2006,tam,rb,16,,0,0,0,0,0,11,59,0,1,4,0,;
GrayQu00,Gray,Quinn,2006,jax,qb,2,,13,22,166,0,0,2,26,2,0,0,0,;
GreeAh00,Green,Ahman,2006,gnb,rb,14,,0,0,0,0,0,266,1059,5,46,373,1,;
GreeJu00,Green,Justin,2006,rav,rb,12,,0,0,0,0,0,0,0,0,4,17,0,;
GreeSk00,Green,Skyler,2006,dal,wr,3,,0,0,0,0,0,0,0,0,0,0,0,;
GreeTr00,Green,Trent,2006,kan,qb,8,,121,198,1342,7,9,19,59,0,0,0,0,;
GrieBr00,Griese,Brian,2006,chi,qb,6,,18,32,220,1,2,6,-5,0,0,0,0,;
GrifJu00,Griffith,Justin,2006,atl,rb,16,,0,0,0,0,0,19,106,1,23,168,3,;
GrosRe00,Grossman,Rex,2006,chi,qb,16,,262,480,3193,23,20,24,2,0,1,-4,0,;
HackD.00,Hackett,D.J.,2006,sea,wr,14,,0,0,0,0,0,0,0,0,45,610,4,;
HagaDe00,Hagan,Derek,2006,mia,wr,16,,0,0,0,0,0,0,0,0,21,221,1,;
HakiAz00,Hakim,Az-Zahir,2006,det,wr,6,,0,0,0,0,0,1,1,0,17,147,0,;
HallAh00,Hall,Ahmard,2006,oti,rb,14,,0,0,0,0,0,7,21,0,15,138,0,;
HallDa00,Hall,Dante,2006,kan,wr,15,,0,0,0,0,0,3,11,0,26,204,2,;
HankCo00,Hankton,Cortez,2006,jax,wr,12,,0,0,0,0,0,0,0,0,5,48,0,;
HankKa00,Hankton,Karl,2006,car,wr,16,,0,0,0,0,0,0,0,0,3,31,0,;
HannRy00,Hannam,Ryan,2006,dal,te,2,,0,0,0,0,0,0,0,0,0,0,0,;
HarrAr00,Harris,Arlen,2006,det,rb,10,,0,0,0,0,0,49,158,1,18,132,0,;
HarrJe00,Harrison,Jerome,2006,cle,rb,10,,0,0,0,0,0,20,60,0,9,47,0,;
HarrJo00,Harrington,Joey,2006,mia,qb,11,,223,388,2236,12,15,19,24,0,0,0,0,;
HarrKa00,Harris,Kay Jay,2006,ram,rb,7,,0,0,0,0,0,3,9,0,1,20,0,;
HarrMa00,Harrison,Marvin,2006,clt,wr,16,,0,0,0,0,0,0,0,0,95,1366,12,;
HartBe00,Hartsock,Ben,2006,oti,te,6,,0,0,0,0,0,0,0,0,6,68,0,;
HassMa00,Hasselbeck,Matt,2006,sea,qb,12,,210,371,2442,18,15,18,110,0,0,0,0,;
HaynVe00,Haynes,Verron,2006,pit,rb,7,,0,0,0,0,0,15,78,0,18,95,0,;
HeapTo00,Heap,Todd,2006,rav,te,16,,0,0,0,0,0,0,0,0,73,765,6,;
HedgMa00,Hedgecock,Madison,2006,ram,rb,16,,0,0,0,0,0,1,2,0,7,29,0,;
HeidSt00,Heiden,Steve,2006,cle,te,16,,0,0,0,0,0,0,0,0,36,249,2,;
HellWi00,Heller,Will,2006,sea,te,16,,0,0,0,0,0,0,0,0,4,32,1,;
HendDe00,Henderson,Devery,2006,nor,wr,13,,0,0,0,0,0,2,14,1,32,745,5,;
HendWi00,Henderson,William,2006,gnb,rb,14,,0,0,0,0,0,0,0,0,12,62,0,;
HenrCh00,Henry,Chris,2006,cin,wr,13,,0,0,0,0,0,0,0,0,36,605,9,;
HenrTr00,Henry,Travis,2006,oti,rb,14,,0,0,0,0,0,270,1211,7,18,78,0,;
HerrNo00,Herron,Noah,2006,gnb,rb,16,,0,0,0,0,0,37,150,1,29,211,2,;
HethCh00,Hetherington,Chris,2006,sfo,rb,3,,0,0,0,0,0,0,0,0,2,0,0,;
HickMa00,Hicks,Maurice,2006,sfo,rb,16,,0,0,0,0,0,29,82,0,13,137,1,;
HillIk00,Hilliard,Ike,2006,tam,wr,16,,0,0,0,0,0,0,0,0,34,339,2,;
HodgJa00,Hodgins,James,2006,nyj,rb,6,,0,0,0,0,0,0,0,0,2,9,0,;
HoliCa00,Holiday,Carlyle,2006,crd,wr,4,,0,0,0,0,0,0,0,0,0,0,0,;
HoliCa00,Holiday,Carlyle,2006,gnb,wr,4,,0,1,0,0,0,0,0,0,9,126,0,;
HolmSa00,Holmes,Santonio,2006,pit,wr,16,,0,0,0,0,0,1,13,0,49,824,2,;
HoltGl00,Holt,Glenn,2006,cin,wr,11,,0,0,0,0,0,0,0,0,1,3,0,;
HoltTo00,Holt,Torry,2006,ram,wr,16,,0,0,0,0,0,0,0,0,93,1188,10,;
HoovBr00,Hoover,Brad,2006,car,rb,16,,0,0,0,0,0,22,73,1,20,122,0,;
HornJo00,Horn,Joe,2006,nor,wr,10,,0,1,0,0,0,0,0,0,37,679,4,;
HousCe00,Houston,Cedric,2006,nyj,rb,8,,0,0,0,0,0,113,374,5,7,43,0,;
HousKe01,Houser,Kevin,2006,nor,rb,16,,0,0,0,0,0,0,0,0,0,0,0,;
HousTJ00,Houshmandzadeh,T.J.,2006,cin,wr,14,,0,0,0,0,0,3,6,0,90,1081,9,;
HuarDa00,Huard,Damon,2006,kan,qb,10,,148,244,1878,11,1,9,9,0,2,-6,0,;
HumpTo00,Humphrey,Tory,2006,gnb,te,7,,0,0,0,0,0,0,0,0,0,0,0,;
HurdSa00,Hurd,Sam,2006,dal,wr,15,,0,0,0,0,0,0,0,0,5,75,0,;
JackCh00,Jackson,Chad,2006,nwe,wr,12,,0,0,0,0,0,4,22,0,13,152,3,;
JackDa00,Jackson,Darrell,2006,sea,wr,13,,0,0,0,0,0,0,0,0,63,956,10,;
JackMa01,Jackson,Marlion,2006,atl,rb,1,,0,0,0,0,0,1,2,0,0,0,0,;
JackNa00,Jackson,Nate,2006,den,wr,11,,0,0,0,0,0,0,0,0,5,49,0,;
JackSt00,Jackson,Steven,2006,ram,rb,16,,0,0,0,0,0,346,1528,13,90,806,3,;
JackTa00,Jackson,Tarvaris,2006,min,qb,4,,47,81,475,2,4,15,77,1,0,0,0,;
JackVi00,Jackson,Vincent,2006,sdg,wr,16,,0,0,0,0,0,3,16,0,27,453,6,;
JacoBr00,Jacobs,Brandon,2006,nyg,rb,15,,0,0,0,0,0,96,423,9,11,149,0,;
JacoTa00,Jacobs,Taylor,2006,sfo,wr,8,,0,0,0,0,0,0,0,0,4,29,0,;
JameEd00,James,Edgerrin,2006,crd,rb,16,,0,0,0,0,0,337,1159,6,38,217,0,;
JenkMi00,Jenkins,Michael,2006,atl,wr,16,,0,0,0,0,0,1,2,0,39,436,7,;
JennAd00,Jennings,Adam,2006,atl,wr,15,,0,0,0,0,0,1,-4,0,0,0,0,;
JennBr00,Jennings,Brian,2006,sfo,te,16,,0,0,0,0,0,0,0,0,0,0,0,;
JennGr00,Jennings,Greg,2006,gnb,wr,14,,0,0,0,0,0,0,0,0,45,632,3,;
JennMi00,Jennings,Mike,2006,nyg,wr,7,,0,0,0,0,0,2,12,0,5,49,0,;
JohnAn02,Johnson,Andre,2006,htx,wr,16,,0,0,0,0,0,3,14,0,103,1147,5,;
JohnBe00,Johnson,Bethel,2006,min,wr,11,,0,0,0,0,0,4,8,0,9,156,0,;
JohnBr00,Johnson,Brad,2006,min,qb,15,,270,439,2750,9,15,29,82,1,0,0,0,;
JohnBr02,Johnson,Bryant,2006,crd,wr,16,,0,0,0,0,0,1,-3,0,40,740,4,;
JohnCh01,Johnson,Chad,2006,cin,wr,16,,0,0,0,0,0,6,24,0,87,1369,7,;
JohnDa03,Johnson,Darcy,2006,nyg,te,1,,0,0,0,0,0,0,0,0,0,0,0,;
JohnDo00,Johnson,Doug,2006,cin,qb,1,,0,0,0,0,0,0,0,0,0,0,0,;
JohnEr00,Johnson,Eric,2006,sfo,te,13,,0,0,0,0,0,0,0,0,34,292,2,;
JohnJe00,Johnson,Jeremi,2006,cin,rb,16,,0,0,0,0,0,15,56,1,6,37,0,;
JohnKe00,Johnson,Keyshawn,2006,car,wr,16,,0,1,0,0,1,1,4,1,70,815,4,;
JohnKy00,Johnson,Kyle,2006,den,rb,14,,0,0,0,0,0,5,30,0,7,37,1,;
JohnLa00,Johnson,Larry,2006,kan,rb,16,,0,1,0,0,0,416,1789,17,41,410,2,;
JohnRu00,Johnson,Rudi,2006,cin,rb,16,,0,0,0,0,0,341,1309,12,23,124,0,;
JollDo00,Jolley,Doug,2006,tam,te,11,,0,0,0,0,0,0,0,0,1,7,0,;
JoneBr02,Jones,Brandon,2006,oti,wr,16,,0,0,0,0,0,1,3,0,27,384,4,;
JoneJa02,Jones,Jamal,2006,nor,wr,12,,0,0,0,0,0,0,0,0,6,108,1,;
JoneJu01,Jones,Julius,2006,dal,rb,16,,0,0,0,0,0,267,1084,4,9,142,0,;
JoneKe02,Jones,Kevin,2006,det,rb,12,,0,0,0,0,0,181,689,6,61,520,2,;
JoneMa00,Jones,Matt,2006,jax,wr,14,,0,0,0,0,0,1,-6,0,41,643,4,;
JoneMa01,Jones,Mark,2006,tam,wr,7,,0,0,0,0,0,0,0,0,0,0,0,;
JoneTh00,Jones,Thomas,2006,chi,rb,16,,1,1,-4,0,0,296,1210,6,36,154,0,;
JoppBe00,Joppru,Bennie,2006,sea,te,5,,0,0,0,0,0,0,0,0,0,0,0,;
JordLa00,Jordan,LaMont,2006,rai,rb,10,,0,0,0,0,0,114,434,2,10,74,0,;
JoseKe00,Joseph,Keith,2006,nor,rb,1,,0,0,0,0,0,0,0,0,0,0,0,;
JureJo00,Jurevicius,Joe,2006,cle,wr,13,,0,0,0,0,0,0,0,0,40,495,3,;
KarnMi00,Karney,Mike,2006,nor,rb,15,,0,0,0,0,0,11,33,1,15,96,2,;
KaspKe00,Kasper,Kevin,2006,det,wr,1,,0,0,0,0,0,0,0,0,0,0,0,;
KellRe00,Kelly,Reggie,2006,cin,te,16,,0,0,0,0,0,0,0,0,21,254,1,;
KennEd00,Kennison,Eddie,2006,kan,wr,16,,0,0,0,0,0,4,16,0,53,860,5,;
KighKe00,Kight,Kelvin,2006,nwe,wr,4,,0,0,0,0,0,1,8,0,1,9,0,;
KilmEt00,Kilmer,Ethan,2006,cin,wr,16,,0,0,0,0,0,0,0,0,0,0,0,;
KincKe00,Kincade,Keylon,2006,dal,rb,1,,0,0,0,0,0,4,9,0,0,0,0,;
KingJe00,King,Jeff,2006,car,te,12,,0,0,0,0,0,0,0,0,1,1,1,;
KircDa00,Kircus,David,2006,den,wr,16,,0,0,0,0,0,0,0,0,9,187,0,;
KitnJo00,Kitna,Jon,2006,det,qb,16,,372,596,4208,21,22,34,156,2,0,0,0,;
KleiJi00,Kleinsasser,Jim,2006,min,te,16,,0,0,0,0,0,0,0,0,7,47,0,;
KlopJo00,Klopfenstein,Joe,2006,ram,te,16,,0,0,0,0,0,0,0,0,20,226,1,;
KozlBr00,Kozlowski,Brian,2006,was,te,2,,0,0,0,0,0,0,0,0,1,1,0,;
KreiDa00,Kreider,Dan,2006,pit,rb,15,,0,0,0,0,0,1,5,0,8,62,0,;
KuhnJo00,Kuhn,John,2006,pit,rb,9,,0,0,0,0,0,2,18,0,1,15,0,;
LawrNa00,Lawrie,Nate,2006,nor,te,6,,0,0,0,0,0,0,0,0,1,17,0,;
LeacMi00,Leach,Mike,2006,den,te,16,,0,0,0,0,0,0,0,0,0,0,0,;
LeacVo00,Leach,Vonta,2006,gnb,rb,1,,0,0,0,0,0,0,0,0,0,0,0,;
LeacVo00,Leach,Vonta,2006,htx,rb,11,,0,0,0,0,0,0,0,0,6,61,1,;
LeexDo00,Lee,Donald,2006,gnb,te,15,,0,0,0,0,0,0,0,0,10,150,0,;
LeexRe00,Lee,ReShard,2006,rai,rb,16,,0,0,0,0,0,21,72,2,20,138,0,;
LeftBy00,Leftwich,Byron,2006,jax,qb,6,,108,183,1159,7,5,25,41,2,0,0,0,;
LeinMa00,Leinart,Matt,2006,crd,qb,12,,214,377,2547,11,12,22,49,2,0,0,0,;
LeliAs00,Lelie,Ashley,2006,atl,wr,15,,0,0,0,0,0,0,0,0,28,430,1,;
LemoCl00,Lemon,Cleo,2006,mia,qb,4,,38,68,412,2,1,3,7,0,0,0,0,;
LewiDe00,Lewis,Derrick,2006,htx,wr,4,,0,0,0,0,0,0,0,0,1,5,0,;
LewiGr01,Lewis,Greg,2006,phi,wr,16,,0,0,0,0,0,0,0,0,24,348,2,;
LewiJa00,Lewis,Jamal,2006,rav,rb,16,,0,0,0,0,0,314,1132,9,18,115,0,;
LewiMa00,Lewis,Marcedes,2006,jax,te,14,,0,0,0,0,0,0,0,0,13,126,1,;
LewiMi00,Lewis,Michael,2006,nor,wr,10,,0,0,0,0,0,0,0,0,0,0,0,;
LloyBr00,Lloyd,Brandon,2006,was,wr,15,,0,0,0,0,0,0,0,0,23,365,0,;
LookDa00,Looker,Dane,2006,ram,wr,16,,0,0,0,0,0,1,13,0,0,0,0,;
LoreJa00,Lorenzen,Jared,2006,nyg,qb,2,,0,0,0,0,0,1,2,0,0,0,0,;
LosmJ.00,Losman,J.P.,2006,buf,qb,16,,268,429,3051,19,14,38,140,1,0,0,0,;
LundWa00,Lundy,Wali,2006,htx,rb,14,,0,0,0,0,0,124,476,4,33,204,0,;
MadsJo00,Madsen,John,2006,rai,te,15,,0,0,0,0,0,0,0,0,11,146,1,;
MaheRe00,Mahe,Reno,2006,phi,rb,12,,0,0,0,0,0,4,18,0,5,23,0,;
MangKr00,Mangum,Kris,2006,car,te,14,,0,0,0,0,0,0,0,0,21,170,1,;
MannEl00,Manning,Eli,2006,nyg,qb,16,,301,522,3244,24,18,25,21,0,0,0,0,;
MannMa00,Mann,Maurice,2006,min,wr,1,,0,0,0,0,0,0,0,0,0,0,0,;
MannPe00,Manning,Peyton,2006,clt,qb,16,,362,557,4397,31,9,23,36,4,0,0,0,;
ManuBr00,Manumaleuna,Brandon,2006,sdg,te,16,,0,0,0,0,0,1,1,0,14,91,3,;
MaroLa00,Maroney,Laurence,2006,nwe,rb,14,,0,0,0,0,0,175,745,6,22,194,1,;
MarsBr00,Marshall,Brandon,2006,den,wr,15,,0,0,0,0,0,2,12,0,20,309,2,;
MartDa00,Martin,David,2006,gnb,te,11,,0,0,0,0,0,0,0,0,21,198,2,;
MartIn00,Martin,Ingle,2006,gnb,qb,1,,0,0,0,0,0,2,-5,0,0,0,0,;
MartJa00,Martin,Jamie,2006,nor,qb,16,,16,24,208,1,1,0,0,0,0,0,0,;
MartJa01,Martin,Jamar,2006,nyj,rb,2,,0,0,0,0,0,0,0,0,0,0,0,;
MartRu00,Martin,Ruvell,2006,gnb,wr,13,,0,0,0,0,0,0,0,0,21,358,1,;
MasoDe00,Mason,Derrick,2006,rav,wr,16,,0,0,0,0,0,1,-4,0,68,750,2,;
MassCh00,Massey,Chris,2006,ram,rb,16,,0,0,0,0,0,0,0,0,0,0,0,;
MassTi00,Massaquoi,Tim,2006,mia,te,7,,0,0,0,0,0,0,0,0,0,0,0,;
MathJe00,Mathis,Jerome,2006,htx,wr,2,,0,0,0,0,0,0,0,0,0,0,0,;
MaysLe00,Mays,Lee,2006,pit,wr,1,,0,0,0,0,0,0,0,0,0,0,0,;
McAfFr00,McAfee,Fred,2006,nor,rb,4,,0,0,0,0,0,3,12,1,0,0,0,;
McAlDe00,McAllister,Deuce,2006,nor,rb,15,,0,0,0,0,0,244,1057,10,30,198,0,;
McCaJu00,McCareins,Justin,2006,nyj,wr,16,,0,0,0,0,0,0,0,0,23,347,1,;
McCaKe00,McCardell,Keenan,2006,sdg,wr,14,,0,0,0,0,0,1,8,0,36,437,0,;
McCoJo01,McCown,Josh,2006,det,qb,3,,0,0,0,0,0,0,0,0,2,15,0,;
McCrFr00,McCrary,Fred,2006,atl,rb,15,,0,0,0,0,0,0,0,0,3,13,1,;
McDoSh00,McDonald,Shaun,2006,ram,wr,16,,0,0,0,0,0,0,0,0,13,136,1,;
McGaWi00,McGahee,Willis,2006,buf,rb,14,,0,0,0,0,0,259,990,6,18,156,0,;
McHuSe00,McHugh,Sean,2006,det,te,6,,0,0,0,0,0,0,0,0,3,25,0,;
McInCo00,McIntyre,Corey,2006,atl,rb,1,,0,0,0,0,0,0,0,0,0,0,0,;
McInCo00,McIntyre,Corey,2006,nor,rb,4,,0,0,0,0,0,0,0,0,1,10,0,;
McKiJa00,McKie,Jason,2006,chi,rb,15,,0,0,0,0,0,8,18,0,25,162,0,;
McMiRa01,McMichael,Randy,2006,mia,te,16,,0,0,0,0,0,0,0,0,62,640,3,;
McMuBi00,McMullen,Billy,2006,min,wr,16,,0,0,0,0,0,0,0,0,23,307,2,;
McNaDo00,McNabb,Donovan,2006,phi,qb,10,,180,316,2647,18,6,32,212,3,0,0,0,;
McNaSt00,McNair,Steve,2006,rav,qb,16,,295,468,3050,16,12,45,119,1,0,0,0,;
McNeRe00,McNeal,Reggie,2006,cin,wr,5,,0,0,0,0,0,1,8,0,0,0,0,;
MiliIt00,Mili,Itula,2006,sea,te,10,,0,0,0,0,0,0,0,0,10,69,0,;
MillBi00,Miller,Billy,2006,nor,te,10,,0,0,0,0,0,0,0,0,14,129,0,;
MillHe00,Miller,Heath,2006,pit,te,16,,0,0,0,0,0,0,0,0,34,393,5,;
MinoTr00,Minor,Travis,2006,mia,rb,16,,0,0,0,0,0,19,74,0,3,2,0,;
MireBr00,Miree,Brandon,2006,gnb,rb,10,,0,0,0,0,0,0,0,0,9,57,0,;
MoatRy00,Moats,Ryan,2006,phi,rb,8,,0,0,0,0,0,22,69,0,0,0,0,;
MoorAa00,Moorehead,Aaron,2006,clt,wr,12,,0,0,0,0,0,0,0,0,8,82,1,;
MoorCl00,Moore,Clarence,2006,rav,wr,10,,0,0,0,0,0,0,0,0,2,1,1,;
MoorDa00,Moore,Dave,2006,tam,te,13,,0,0,0,0,0,0,0,0,1,9,0,;
MoorLa00,Moore,Lance,2006,nor,wr,4,,0,0,0,0,0,0,0,0,1,10,0,;
MoorMe00,Moore,Mewelde,2006,min,rb,16,,1,1,15,1,0,24,131,0,46,468,1,;
MoraJo00,Morant,Johnnie,2006,rai,wr,11,,0,0,0,0,0,0,0,0,7,70,0,;
MoreSe00,Morey,Sean,2006,pit,wr,15,,0,0,0,0,0,0,0,0,2,29,0,;
MoreVe00,Morency,Vernand,2006,gnb,rb,14,,0,0,0,0,0,91,421,2,16,112,0,;
MoreVe00,Morency,Vernand,2006,htx,rb,1,,0,0,0,0,0,5,13,0,1,6,0,;
MorgQu00,Morgan,Quincy,2006,den,wr,7,,0,0,0,0,0,0,0,0,0,0,0,;
MorrMa00,Morris,Maurice,2006,sea,rb,16,,0,0,0,0,0,161,604,0,11,46,0,;
MorrSa00,Morris,Sammy,2006,mia,rb,12,,0,0,0,0,0,92,400,1,21,162,0,;
MortCh00,Morton,Chad,2006,nyg,rb,15,,0,0,0,0,0,1,22,0,0,0,0,;
MoslKe00,Mosley,Kendrick,2006,cle,wr,1,,0,0,0,0,0,0,0,0,0,0,0,;
MossRa00,Moss,Randy,2006,rai,wr,13,,0,0,0,0,0,0,0,0,42,553,3,;
MossSa00,Moss,Santana,2006,was,wr,14,,0,0,0,0,0,7,82,0,55,790,6,;
MossSi00,Moss,Sinorice,2006,nyg,wr,6,,0,0,0,0,0,0,0,0,5,25,0,;
MoulEr00,Moulds,Eric,2006,htx,wr,16,,0,0,0,0,0,1,6,0,57,557,1,;
MughOv00,Mughelli,Ovie,2006,rav,rb,16,,0,0,0,0,0,12,50,0,21,182,2,;
MuhaMu00,Muhammad,Muhsin,2006,chi,wr,16,,0,0,0,0,0,0,0,0,60,863,5,;
MurpMa00,Murphy,Matt,2006,buf,te,2,,0,0,0,0,0,0,0,0,0,0,0,;
MustCh00,Mustard,Chad,2006,den,te,12,,0,0,0,0,0,0,0,0,2,23,0,;
NallCr00,Nall,Craig,2006,buf,qb,2,,0,0,0,0,0,0,0,0,0,0,0,;
NancMa00,Nance,Martin,2006,min,wr,1,,0,0,0,0,0,0,0,0,4,33,0,;
NashDa00,Nash,Damien,2006,den,rb,3,,0,0,0,0,0,18,66,0,4,41,0,;
NavaJo00,Navarre,John,2006,crd,qb,1,,0,0,0,0,0,0,0,0,0,0,0,;
NealLo00,Neal,Lorenzo,2006,sdg,rb,16,,0,0,0,0,0,29,140,1,17,83,0,;
NeufRy00,Neufeld,Ryan,2006,buf,te,9,,0,0,0,0,0,0,0,0,1,4,1,;
NorrMo00,Norris,Moran,2006,sfo,rb,14,,0,0,0,0,0,2,8,0,5,36,2,;
NortDe00,Northcutt,Dennis,2006,cle,wr,13,,0,0,0,0,0,3,32,0,22,228,0,;
NorwJe00,Norwood,Jerious,2006,atl,rb,14,,0,1,0,0,0,99,633,2,12,102,0,;
OsgoKa00,Osgood,Kassim,2006,sdg,wr,16,,0,0,0,0,0,0,0,0,0,0,0,;
OwenCh00,Owens,Chad,2006,jax,wr,4,,0,0,0,0,0,0,0,0,0,0,0,;
OwenJo00,Owens,John,2006,nor,te,5,,0,0,0,0,0,0,0,0,4,44,0,;
OwenMo01,Owens,Montell,2006,jax,rb,14,,0,0,0,0,0,0,0,0,0,0,0,;
OwenRi00,Owens,Richard,2006,min,te,16,,0,0,0,0,0,0,0,0,6,45,1,;
OwenTe00,Owens,Terrell,2006,dal,wr,16,,0,0,0,0,0,0,0,0,85,1180,13,;
PalmCa00,Palmer,Carson,2006,cin,qb,16,,324,520,4035,28,13,26,37,0,0,0,0,;
ParkEr00,Parker,Eric,2006,sdg,wr,15,,0,0,0,0,0,2,19,0,48,659,0,;
ParkSa00,Parker,Samie,2006,kan,wr,16,,0,0,0,0,0,3,7,0,41,561,1,;
ParkWi00,Parker,Willie,2006,pit,rb,16,,0,0,0,0,0,337,1494,13,31,222,3,;
ParrJo00,Parry,Josh,2006,sea,rb,8,,0,0,0,0,0,0,0,0,1,11,0,;
ParrRo00,Parrish,Roscoe,2006,buf,wr,16,,0,0,0,0,0,2,18,0,23,320,2,;
PassPa00,Pass,Patrick,2006,nwe,rb,3,,0,0,0,0,0,6,21,0,2,24,0,;
PattDa00,Patten,David,2006,was,wr,5,,0,0,0,0,0,0,0,0,1,25,0,;
PearAl00,Pearman,Alvin,2006,jax,rb,13,,0,0,0,0,0,19,89,1,2,12,0,;
PeelJu00,Peelle,Justin,2006,mia,te,15,,0,0,0,0,0,0,0,0,16,116,1,;
PennCh01,Pennington,Chad,2006,nyj,qb,16,,313,485,3352,17,16,35,109,0,0,7,0,;
PerrBr01,Perry,Bruce,2006,phi,rb,3,,0,0,0,0,0,0,0,0,0,0,0,;
PerrCh00,Perry,Chris,2006,cin,rb,6,,0,0,0,0,0,10,57,0,9,42,0,;
PerrTa00,Perry,Tab,2006,cin,wr,2,,0,0,0,0,0,2,4,0,5,81,0,;
PeteAd00,Peterson,Adrian,2006,chi,rb,16,,0,0,0,0,0,10,41,2,6,88,0,;
PinnAn00,Pinnock,Andrew,2006,sdg,rb,4,,0,0,0,0,0,4,25,0,0,0,0,;
PinnAr00,Pinner,Artose,2006,min,rb,12,,0,0,0,0,0,43,190,3,2,15,0,;
PittMi00,Pittman,Michael,2006,tam,rb,16,,0,0,0,0,0,50,245,1,47,405,0,;
PlumJa00,Plummer,Jake,2006,den,qb,16,,175,317,1994,11,13,36,112,1,0,0,0,;
PoliLo00,Polite,Lousaka,2006,dal,rb,12,,0,0,0,0,0,7,18,0,2,21,0,;
PollMa00,Pollard,Marcus,2006,det,te,15,,0,0,0,0,0,0,0,0,12,100,0,;
PondWi00,Ponder,Willie,2006,ram,wr,6,,0,0,0,0,0,0,0,0,0,0,0,;
PondWi00,Ponder,Willie,2006,sea,wr,6,,0,0,0,0,0,0,0,0,0,0,0,;
PopeLe00,Pope,Leonard,2006,crd,te,16,,0,0,0,0,0,0,0,0,16,161,0,;
PopeP.00,Pope,P.J.,2006,gnb,rb,1,,0,0,0,0,0,0,0,0,0,0,0,;
PortCl00,Portis,Clinton,2006,was,rb,8,,0,0,0,0,0,127,523,7,17,170,0,;
PortJe00,Porter,Jerry,2006,rai,wr,4,,0,0,0,0,0,0,0,0,1,19,0,;
PricPe00,Price,Peerless,2006,buf,wr,16,,0,0,0,0,0,6,18,0,49,402,3,;
ProeRi00,Proehl,Ricky,2006,clt,wr,2,,0,0,0,0,0,0,0,0,3,30,0,;
PutzJe00,Putzier,Jeb,2006,htx,te,14,,0,0,0,0,0,0,0,0,13,125,0,;
RackDe00,Rackley,Derek,2006,sea,te,15,,0,0,0,0,0,0,0,0,0,0,0,;
RadeJa00,Rader,Jason,2006,mia,te,3,,0,0,0,0,0,0,0,0,0,0,0,;
RamsPa00,Ramsey,Patrick,2006,nyj,qb,3,,0,1,0,0,0,0,0,0,0,0,0,;
RandAn00,Randle El,Antwaan,2006,was,wr,16,,2,3,88,1,0,19,118,0,32,351,3,;
RattTi00,Rattay,Tim,2006,tam,qb,4,,61,101,748,4,2,4,3,0,0,0,0,;
RectJa00,Rector,Jamaica,2006,dal,wr,1,,0,0,0,0,0,0,0,0,0,0,0,;
ReedJo01,Reed,Josh,2006,buf,wr,13,,0,0,0,0,0,4,13,0,34,410,2,;
ReidGa00,Reid,Gabe,2006,chi,te,13,,0,0,0,0,0,0,0,0,4,37,0,;
ReidWi00,Reid,Willie,2006,pit,wr,1,,0,0,0,0,0,0,0,0,0,0,0,;
RhodDo00,Rhodes,Dominic,2006,clt,rb,16,,0,0,0,0,0,187,641,5,36,251,0,;
RichTo00,Richardson,Tony,2006,min,rb,9,,0,0,0,0,0,5,12,0,13,111,0,;
RivePh00,Rivers,Philip,2006,sdg,qb,16,,284,460,3388,22,9,48,49,0,0,0,0,;
RobeJa00,Robertson,Jamal,2006,atl,rb,1,,0,0,0,0,0,0,0,0,0,0,0,;
RobiKo00,Robinson,Koren,2006,gnb,wr,4,,0,0,0,0,0,0,0,0,7,89,0,;
RobiMa00,Robinson,Marcus,2006,min,wr,10,,0,0,0,0,0,0,0,0,29,381,4,;
RobiMi00,Robinson,Michael,2006,sfo,rb,16,,0,1,0,0,0,38,116,2,9,47,0,;
RobyCo00,Roby,Courtney,2006,oti,wr,12,,0,0,0,0,0,1,3,0,2,28,0,;
RodgAa00,Rodgers,Aaron,2006,gnb,qb,2,,6,15,46,0,0,2,11,0,0,0,0,;
RoetBe00,Roethlisberger,Ben,2006,pit,qb,15,,280,469,3513,18,23,32,98,2,0,0,0,;
RomoTo00,Romo,Tony,2006,dal,qb,16,,220,337,2903,19,13,34,102,0,0,0,0,;
RoseSa00,Rosenfels,Sage,2006,htx,qb,4,,27,39,265,3,1,4,5,0,0,0,0,;
RossCo00,Ross,Cory,2006,rav,rb,4,,0,0,0,0,0,0,0,0,0,0,0,;
RossDe00,Ross,Derrick,2006,kan,rb,6,,0,0,0,0,0,3,8,0,0,0,0,;
RoyaRo00,Royal,Robert,2006,buf,te,16,,0,0,0,0,0,1,-9,0,23,233,3,;
RunnJ.00,Runnels,J.D.,2006,chi,rb,2,,0,0,0,0,0,0,0,0,0,0,0,;
RussCl00,Russell,Cliff,2006,mia,wr,3,,0,0,0,0,0,0,0,0,2,14,0,;
RyanSe00,Ryan,Sean,2006,nyj,te,16,,0,0,0,0,0,0,0,0,6,44,0,;
SappCe00,Sapp,Cecil,2006,den,rb,11,,0,0,0,0,0,10,80,0,8,34,0,;
ScaiBo00,Scaife,Bo,2006,oti,te,14,,0,0,0,0,0,1,13,1,29,370,2,;
SchaMa00,Schaub,Matt,2006,atl,qb,16,,18,27,208,1,2,7,21,0,0,0,0,;
ScheTo00,Scheffler,Tony,2006,den,te,13,,0,0,0,0,0,1,3,0,18,286,4,;
SchlCo00,Schlesinger,Cory,2006,det,rb,14,,0,0,0,0,0,0,0,0,8,36,0,;
SchoMa00,Schobel,Matt,2006,phi,te,16,,0,0,0,0,0,0,0,0,14,214,2,;
ScobJo00,Scobey,Josh,2006,sea,rb,12,,0,0,0,0,0,0,0,0,0,0,0,;
SeidMi00,Seidman,Mike,2006,car,te,3,,0,0,0,0,0,0,0,0,0,0,0,;
SellMi00,Sellers,Mike,2006,was,rb,16,,0,0,0,0,0,12,51,0,18,105,1,;
ShelDa00,Shelton,Daimon,2006,buf,rb,14,,0,0,0,0,0,0,0,0,7,35,0,;
ShelEr00,Shelton,Eric,2006,car,rb,7,,0,0,0,0,0,8,23,0,1,6,0,;
ShepEd00,Shepherd,Edell,2006,htx,wr,7,,0,0,0,0,0,2,5,0,3,22,0,;
ShiaVi00,Shiancoe,Visanthe,2006,nyg,te,16,,0,0,0,0,0,0,0,0,12,81,0,;
ShipMa00,Shipp,Marcel,2006,crd,rb,15,,0,0,0,0,0,17,41,4,6,60,0,;
ShocJe00,Shockey,Jeremy,2006,nyg,te,15,,0,0,0,0,0,0,0,0,66,623,7,;
SimmCh00,Simms,Chris,2006,tam,qb,3,,58,106,585,1,7,4,7,1,0,0,0,;
SimsJa00,Sims,James,2006,nyg,rb,1,,0,0,0,0,0,0,0,0,0,0,0,;
SmitAl02,Smith,Alex,2006,tam,te,14,,0,0,0,0,0,0,0,0,35,250,3,;
SmitAl03,Smith,Alex,2006,sfo,qb,16,,257,442,2890,16,16,44,147,2,0,0,0,;
SmitBr01,Smith,Brad,2006,nyj,wr,16,,0,0,0,0,0,18,103,0,9,61,0,;
SmitJo00,Smith,Jonathan,2006,nwe,wr,2,,0,0,0,0,0,0,0,0,0,0,0,;
SmitL.00,Smith,L.J.,2006,phi,te,16,,0,0,0,0,0,0,0,0,50,611,5,;
SmitMu00,Smith,Musa,2006,rav,rb,12,,0,0,0,0,0,36,153,0,22,135,0,;
SmitPa00,Smith,Paul,2006,ram,rb,10,,0,0,0,0,0,0,0,0,0,0,0,;
SmitRo01,Smith,Rod,2006,den,wr,16,,0,0,0,0,0,1,-5,0,52,512,3,;
SmitSt01,Smith,Steve,2006,car,wr,14,,0,0,0,0,0,8,61,1,83,1166,8,;
SmitTe00,Smith,Terrelle,2006,cle,rb,16,,0,0,0,0,0,8,14,0,8,21,0,;
SnowJu00,Snow,Justin,2006,clt,te,16,,0,0,0,0,0,0,0,0,0,0,0,;
SorgJi00,Sorgi,Jim,2006,clt,qb,2,,0,0,0,0,0,0,0,0,0,0,0,;
SoweJe00,Sowell,Jerald,2006,tam,rb,10,,0,0,0,0,0,0,0,0,1,6,0,;
SpurMi00,Spurlock,Michael,2006,crd,wr,1,,0,0,0,0,0,0,0,0,4,31,0,;
StalDo00,Stallworth,Donte,2006,phi,wr,12,,0,0,0,0,0,0,0,0,38,725,5,;
StalDu00,Staley,Duce,2006,pit,rb,1,,0,0,0,0,0,0,0,0,0,0,0,;
StecAa00,Stecker,Aaron,2006,nor,rb,12,,0,0,0,0,0,4,11,0,19,190,0,;
StevJe00,Stevens,Jerramy,2006,sea,te,11,,0,0,0,0,0,0,0,0,22,231,4,;
StewTo00,Stewart,Tony,2006,cin,te,16,,0,0,0,0,0,0,0,0,14,120,1,;
StLoBr00,St. Louis,Brad,2006,cin,te,16,,0,0,0,0,0,0,0,0,0,0,0,;
StokBr00,Stokley,Brandon,2006,clt,wr,4,,0,0,0,0,0,0,0,0,8,85,1,;
StovMa00,Stovall,Maurice,2006,tam,wr,9,,0,0,0,0,0,2,29,0,7,102,0,;
StroMa00,Strong,Mack,2006,sea,rb,16,,0,0,0,0,0,33,149,1,29,159,0,;
StutBo00,Stutz,Boone,2006,atl,te,16,,0,0,0,0,0,0,0,0,0,0,0,;
SuggLe00,Suggs,Lee,2006,mia,rb,5,,0,0,0,0,0,6,26,0,0,13,0,;
SypnQu00,Sypniewski,Quinn,2006,rav,te,16,,0,0,0,0,0,0,0,0,2,15,0,;
TapeTh00,Tapeh,Thomas,2006,phi,rb,16,,0,0,0,0,0,5,9,0,16,85,1,;
TaylCh01,Taylor,Chester,2006,min,rb,15,,0,0,0,0,0,303,1216,6,42,288,0,;
TaylCh02,Taylor,Chris,2006,htx,rb,4,,0,0,0,0,0,28,123,1,3,40,0,;
TaylFr00,Taylor,Fred,2006,jax,rb,15,,0,0,0,0,0,231,1146,5,23,242,1,;
TaylTr01,Taylor,Travis,2006,min,wr,16,,0,0,0,0,0,1,5,0,57,651,3,;
TestVi00,Testaverde,Vinny,2006,nwe,qb,3,,2,3,29,1,0,8,-8,0,0,0,0,;
ThomAn01,Thomas,Anthony,2006,buf,rb,16,,0,0,0,0,0,107,378,2,22,139,0,;
ThomDa02,Thomas,David,2006,nwe,te,15,,0,0,0,0,0,0,0,0,11,159,1,;
ThomTy00,Thompson,Tyson,2006,dal,rb,7,,0,0,0,0,0,13,30,1,0,0,0,;
ThorAn00,Thorn,Andy,2006,dal,te,1,,0,0,0,0,0,0,0,0,0,0,0,;
ThraJa00,Thrash,James,2006,was,wr,16,,0,0,0,0,0,0,0,0,12,151,1,;
ToefLa00,Toefield,LaBrandon,2006,jax,rb,4,,0,0,0,0,0,10,22,0,0,0,0,;
TomlLa00,Tomlinson,LaDainian,2006,sdg,rb,16,,2,3,20,2,0,348,1815,28,56,508,3,;
ToomAm00,Toomer,Amani,2006,nyg,wr,8,,0,0,0,0,0,1,0,0,32,360,3,;
TrouBe00,Troupe,Ben,2006,oti,te,10,,0,0,0,0,0,0,0,0,13,150,2,;
TuiaMa00,Tuiasosopo,Marques,2006,rai,qb,2,,6,13,68,1,2,4,29,0,0,0,0,;
TumaJe00,Tuman,Jerame,2006,pit,te,15,,0,0,0,0,0,0,0,0,7,73,1,;
TurnMi00,Turner,Michael,2006,sdg,rb,13,,0,0,0,0,0,80,502,2,3,47,0,;
TuttSt00,Tutt,Stacy,2006,nyj,rb,2,,0,0,0,0,0,0,0,0,0,0,0,;
TyreDa00,Tyree,David,2006,nyg,wr,16,,0,0,0,0,0,0,0,0,19,197,2,;
UtecBe00,Utecht,Ben,2006,clt,te,14,,0,0,0,0,0,0,0,0,37,377,0,;
VickLa00,Vickers,Lawrence,2006,cle,rb,16,,0,0,0,0,0,3,2,0,6,60,0,;
VickMi00,Vick,Michael,2006,atl,qb,16,,204,388,2474,20,13,123,1039,2,1,1,0,;
VoleBi00,Volek,Billy,2006,sdg,qb,1,,1,2,4,0,0,3,-3,0,0,0,0,;
WadeBo00,Wade,Bobby,2006,oti,wr,16,,0,0,0,0,0,0,0,0,33,461,2,;
WakeFr00,Wakefield,Fred,2006,crd,te,13,,0,0,0,0,0,0,0,0,2,24,0,;
WalkAa00,Walker,Aaron,2006,ram,te,16,,0,0,0,0,0,0,0,0,5,68,0,;
WalkHu00,Walker,Delanie,2006,sfo,te,7,,0,0,0,0,0,0,0,0,2,30,0,;
WalkJa00,Walker,Javon,2006,den,wr,16,,0,0,0,0,0,9,123,1,69,1084,8,;
WallCo00,Wallace,Cooper,2006,oti,te,2,,0,0,0,0,0,0,0,0,1,6,0,;
WallSe00,Wallace,Seneca,2006,sea,qb,9,,82,141,927,8,7,12,122,0,0,0,0,;
WaltAn00,Walter,Andrew,2006,rai,qb,12,,147,276,1677,3,13,14,30,0,0,0,0,;
WaltKe00,Walter,Kevin,2006,htx,wr,16,,0,0,0,0,0,1,3,0,17,160,0,;
WaltTr00,Walters,Troy,2006,crd,wr,15,,0,0,0,0,0,0,0,0,23,209,2,;
WardDe01,Ward,Derrick,2006,nyg,rb,8,,0,0,0,0,0,0,0,0,0,0,0,;
WardHi00,Ward,Hines,2006,pit,wr,14,,0,0,0,0,0,2,30,0,74,975,6,;
WarnKu00,Warner,Kurt,2006,crd,qb,7,,108,168,1377,6,5,13,3,0,0,0,0,;
WarrPa00,Warren,Paris,2006,tam,wr,8,,0,0,0,0,0,0,0,0,5,63,0,;
WashKe00,Washington,Kelley,2006,cin,wr,5,,0,0,0,0,0,0,0,0,9,115,1,;
WashLe00,Washington,Leon,2006,nyj,rb,16,,0,0,0,0,0,151,650,4,25,270,0,;
WashNa00,Washington,Nate,2006,pit,wr,16,,0,0,0,0,0,3,8,0,35,624,4,;
WatsBe00,Watson,Ben,2006,nwe,te,13,,0,0,0,0,0,0,0,0,49,643,3,;
WatsKe00,Watson,Kenny,2006,cin,rb,16,,0,0,0,0,0,25,138,1,23,213,0,;
WaynRe00,Wayne,Reggie,2006,clt,wr,16,,0,0,0,0,0,0,0,0,86,1310,9,;
WebbJe00,Webb,Jeff,2006,kan,wr,10,,0,0,0,0,0,0,0,0,3,23,0,;
WeekMa00,Weeks,Marquis,2006,sea,rb,10,,0,0,0,0,0,3,8,0,0,0,0,;
WeinCh00,Weinke,Chris,2006,car,qb,3,,56,96,625,2,4,4,16,0,0,0,0,;
WelkWe00,Welker,Wes,2006,mia,wr,16,,0,0,0,0,0,0,0,0,67,687,1,;
WestBr00,Westbrook,Brian,2006,phi,rb,15,,0,0,0,0,0,240,1217,7,77,699,4,;
WhitAl00,Whitted,Alvis,2006,rai,wr,14,,0,0,0,0,0,1,4,0,27,299,0,;
WhitCh02,Whitehurst,Charlie,2006,sdg,qb,4,,0,0,0,0,0,2,13,1,0,0,0,;
WhitLe01,White,LenDale,2006,oti,rb,13,,0,0,0,0,0,61,244,0,14,60,0,;
WhitRo00,White,Roddy,2006,atl,wr,16,,0,0,0,0,0,0,0,0,30,506,0,;
WiggJe00,Wiggins,Jermaine,2006,min,te,16,,0,0,0,0,0,0,0,0,46,386,1,;
WilcDa01,Wilcox,Daniel,2006,rav,te,14,,0,0,0,0,0,0,0,0,20,166,3,;
WilfEr00,Wilford,Ernest,2006,jax,wr,16,,0,0,0,0,0,0,0,0,36,524,2,;
WilkTe00,Wilkins,Terrence,2006,clt,wr,15,,0,0,0,0,0,0,0,0,0,0,0,;
WillBr01,Williams,Brandon,2006,sfo,wr,13,,0,0,0,0,0,0,0,0,0,0,0,;
WillCa02,Williams,Cadillac,2006,tam,rb,14,,0,0,0,0,0,225,798,1,30,196,0,;
WillDe02,Williams,DeAngelo,2006,car,rb,13,,0,0,0,0,0,121,501,1,33,313,1,;
WillDe03,Williams,Demetrius,2006,rav,wr,16,,0,0,0,0,0,0,0,0,22,396,2,;
WillMi03,Williams,Mike,2006,det,wr,8,,0,0,0,0,0,0,0,0,8,99,1,;
WillRa01,Williams,Randal,2006,rai,te,16,,0,0,0,0,0,0,0,0,28,293,0,;
WillRe00,Williams,Reggie,2006,jax,wr,16,,0,0,0,0,0,7,33,0,52,616,4,;
WillRo04,Williams,Roy,2006,det,wr,16,,0,0,0,0,0,2,2,0,82,1310,7,;
WillRo05,Williams,Roydell,2006,oti,wr,14,,0,0,0,0,0,0,0,0,8,121,0,;
WillSh01,Williams,Shaud,2006,buf,rb,5,,0,0,0,0,0,2,2,0,0,0,0,;
WillTr01,Williamson,Troy,2006,min,wr,14,,0,0,0,0,0,0,0,0,37,455,0,;
WilsCe00,Wilson,Cedrick,2006,pit,wr,15,,1,1,21,0,0,2,14,0,37,504,1,;
WilsKr00,Wilson,Kris,2006,kan,te,16,,0,0,0,0,0,0,0,0,15,132,3,;
WilsQu00,Wilson,Quincy,2006,cin,rb,3,,0,0,0,0,0,2,2,0,0,0,0,;
WilsTr00,Wilson,Travis,2006,cle,wr,4,,0,0,0,0,0,0,0,0,2,32,0,;
WimbDe00,Wimbush,Derrick,2006,jax,rb,11,,0,0,0,0,0,1,3,0,4,23,0,;
WinsKe01,Winslow Jr,Kellen,2006,cle,te,16,,0,0,0,0,0,0,0,0,89,875,3,;
WittJa00,Witten,Jason,2006,dal,te,16,,0,0,0,0,0,0,0,0,64,754,1,;
WrigAn00,Wright,Anthony,2006,cin,qb,5,,3,3,31,0,0,4,-12,0,0,0,0,;
WrigGe00,Wrighster,George,2006,jax,te,16,,0,0,0,0,0,0,0,0,39,353,3,;
WrigJa01,Wright,Jason,2006,cle,rb,13,,0,0,0,0,0,62,189,0,6,82,0,;
WrigWa00,Wright,Wallace,2006,nyj,wr,5,,0,0,0,0,0,0,0,0,0,0,0,;
YodeTo00,Yoder,Todd,2006,was,te,14,,0,0,0,0,0,0,0,0,1,4,1,;
YounKe00,Youngblood,Kevin,2006,atl,wr,1,,0,0,0,0,0,0,0,0,0,0,0,;
YounVi00,Young,Vince,2006,oti,qb,15,,184,357,2199,12,13,83,552,7,0,0,0,;
YounWa00,Young,Walter,2006,pit,wr,2,,0,0,0,0,0,0,0,0,1,17,0,;
ZeleJo00,Zelenka,Joe,2006,jax,te,15,,0,0,0,0,0,0,0,0,0,0,0,;
